Product_URL,Product_name,Product_Price,Num_Reviews,Ratings,Product Description,Product_ASIN,Manufacturer
https://www.amazon.in/American-Tourister-AMT-SCH-02/dp/B07CJCGM1M,American Tourister Casual Backpack,999,"39,050",4.1 out of 5 stars," Laptop Compatibility: No, Strap Type: Adjustable, Trolley Support: No. With Rain Cover : No  ",Samsonite,Samsonite
https://www.amazon.in/Lunars-Bingo-Laptop-Resistant-48L/dp/B08YZ8FFBZ,Lunar's Bingo - 48 L Laptop Office/School/Travel/Business Backpack Water Resistant - Fits Up to 15.6 Inch Laptop Notebook with 1 Year Warranty,899,"6,109",3.9 out of 5 stars," Outer Material: Polyester, Color: Black  ",B098L372Z7,SaiTech IT Private Limited
https://www.amazon.in/Half-Moon-Waterproof-Backpack-Students/dp/B085MHDJ93,Half Moon 35 L Casual Waterproof Laptop Bag/Backpack for Men Women Boys Girls/Office School College Teens & Students with Rain Cover (18 Inch) (Navy),689,"9,761",3.9 out of 5 stars," Water Resistance: Water resistant , not Waterproof  ",B094GB8VS2,WORLD SPEED
https://www.amazon.in/SAFARI-Ltrs-Casual-Backpack-DAYPACKNEO15CBSEB/dp/B07Q7CNPMV,SAFARI 15 Ltrs Sea Blue Casual/School/College Backpack (DAYPACKNEO15CBSEB),299,137,4.0 out of 5 stars, Capacity: 32 liters; Dimensions: 32.5 cms x 18 cms x 50 cms (LxWxH)  ,LAPTOP BAGS,300.00 gram
https://www.amazon.in/TRUE-HUMAN-Anti-Theft-backpack-charging/dp/B09QJ7ZF2Y,"TRUE HUMAN Emperor Anti-Theft backpack With USB charging Port and anti -theft back pocket Laptop bag , office bag , college bag ( LEGEND )",689,1,3.9 out of 5 stars," Number of Wheels: 0, Number of compartments: 3  ",B07L4GYKH9,600 g
https://www.amazon.in/Casual-Backpack-Charging-Laptop-Compartment/dp/B07J46KLFP,"Fur Jaden 15.6 Inch Laptop Backpack 25 LTR Bag for School, College and Office with USB Charging Port",499,195,3.9 out of 5 stars, Warranty type: Manufacturer; 1 year International warranty valid for 1 year from the original date of  ,AirCase,Unisex-adult
https://www.amazon.in/Northzone-Polyester-School-Backpack-Compartment/dp/B08678P2T7,Northzone Lightweight School Bags Backpacks for Boys Girls Stylish Men and Women Casual Travel Laptop Bag College Office (Navy Blue) 40L,593,492,4.1 out of 5 stars, Mesh pockets on both sides to accommodate your sipper or bottle and umbrella  ,B07Q321QDM,Safari
https://www.amazon.in/Martucci-Casual-Travelling-Laptop-Backpack/dp/B088B4P6ZW,Martucci 15.6 inch 30 L Casual Waterproof Laptop Backpack/Office Bag/School Bag/College Bag/Business Bag/Unisex Travel Backpack(Black),539,85,4.1 out of 5 stars,Lightweight backpack made of durable double dot polyester fabric,B085SJCTBC,27 x 20 x 38 Centimeters
https://www.amazon.in/Fur-Jaden-Black-Waterproof-Backpack/dp/B078GLXMDY,Fur Jaden Anti Theft Backpack 15.6 Inch Laptop Bag with USB Charging Port and Water Resistant Fabric,799,2,4.0 out of 5 stars,Mesh Padding on back & shoulder strap to provide comfort & better back support,B096V2KF87,"Protecta Inc, Protecta Inc. No. 3, First Floor, Plot No.6, Dan Udyog Sahkari Sangh Ltd, Piparia Silvassa 396230. Email: support@protecta.in"
https://www.amazon.in/Fur-Jaden-Rucksack-Backpack-BM43_Blue/dp/B07PS38XSP,Fur Jaden Hiking Camping Rucksack Casual 10 Ltrs Blue Casual Backpack,249,197,3.6 out of 5 stars," Sling Bag Dimensions – Length (Horizontal distance) - 22.5cm, Height – 22.5cm, Width – 9.5cm.; Material: Made of Nylon Polyester Material with zipper. Its padded storage is resistant to water, dirt and even a slash by sharp objects, so you don’t have to worry about anything.  ",B08Z1HHHTD,Bagneeds
https://www.amazon.in/ADISA-BP004-Weight-Casual-Backpack/dp/B07G3CG9FC,ADISA Laptop Backpack 31 Ltrs,509,2,4.0 out of 5 stars," Crossbody bag Structure: A total of 2 main Zipper Pocket with One Padded Compartment and 1 In Side Pocket for other accessories, 2 pocket front side with 2 handles and adjustable shoulder strap.  ",B0855MYHBZ,Women
https://www.amazon.in/SAFARI-Denim-Casual-Backpack-DAYPACKNEO15CBDNB/dp/B07NSC4SL5,SAFARI 15 Ltrs Denim Blue Casual/School/College Backpack (DAYPACKNEO15CBDNB),299,10,4.0 out of 5 stars," IDEAL APPLICATION: Use this bag as a messenger bag, shoulder bag, suitable for your office, college, outdoor travels, university, meeting, and for everyday use.  ",WILD MODA,"ADISA, careadisa@gmail.com"
https://www.amazon.in/Backpack-Fashion-Computer-Business-Black-BlueZip/dp/B08R7J19R8,Wooum 15.6 inch Laptop Bag Backpack Fashion Rucksack Casual Student School Bag Computer Bag College Bag Office Bag Business Bag Unisex Travel Backpack,426,151,4.0 out of 5 stars," Disclaimer: The product in image may appear bigger or smaller than the real product. To analyze the size accurately, kindly read the dimension and check with any scale available to you before placing order.  ",B08Q4FHQLN,Fast Travel
https://www.amazon.in/Gear-Classic-Leather-Backpack-LBPCLSLTH0201/dp/B07G4F6XFH,Gear Classic Anti Theft Faux Leather 18 inch 48 cms Brown Laptop Backpack (LBPCLSLTH0201),989,423,4.4 out of 5 stars, Occasion Type: Business  ,B09VCQ9HRZ,DIVING DEEP
https://www.amazon.in/Lunars-Bingo-Laptop-Resistant-48L/dp/B08YZ5XY31,Lunar's Bingo - 48 L Laptop Office/School/Travel/Business Backpack Water Resistant - Fits Up to 15.6 Inch Laptop Notebook with 1 Year Warranty,899,"1,282",3.9 out of 5 stars," WATER RESISTANCE - The shoulder bag is made of high-quality water resistant polyester fabric with PU coating and equipped with waterproof zipper. It will protect your Notebook PC from dust, scrapes and scratches & spills.  ",B08F7XWZ74,"Bagzone Lifestyle Pvt Ltd, Bagzone Lifestyle Pvt Ltd | | LAVIE 402, Ackruti Star, MIDC Central Road, Andheri East, Mumbai – 400093"
https://www.amazon.in/POLESTAR-Vintage-Laptop-Backpack-bagpack/dp/B081GSQ9D9,"POLESTAR Vintage 32 L College/ School/ Office/ Casual/ Travel Backpack with 15.6"" laptop compartment, suitable for both men & women,1 year warranty",619,"13,395",4.0 out of 5 stars," MULTI-COMPARTMENT ORGANIZER - Main compartment includes a 15.6"" padded laptop compartment & a tablet pocket. One zippered front compartment with organizational pockets for pens, keys, cell phone, cables, mouse & other small items.  ",B08QTF8RPM,Men
https://www.amazon.in/Lenovo-Laptop-Backpack-15-6-Inch-GX40Q17225/dp/B075Y72PHZ,Lenovo Casual Laptop Backpack B210 39.62 cm (15.6-inch) Water Repellent Black,749,223,4.2 out of 5 stars," EASILY CARRYING - Removable & adjustable padding shoulder strap varied from 30 to 52 inches & dual sturdy handles for long time comfortably carrying. A smart choice for school, college, business, travelling & etc.  ",Hindustan Foam,VIP Industries Ltd
https://www.amazon.in/AirCase-C30-Messenger-Compartments-Multi-Pockets/dp/B07V47HHRG,"AirCase C30 13.3 Inch/14 Inch/15.6 Inch Messenger Laptop Bag with Shoulder Strap, Water resistant, Multi Utility Compartments for all All iPad/Tablet (Black)","1,472","8,160",4.0 out of 5 stars," Multi-Compartment Organizer: The men laptop briefcase includes external 2 pouches & 2 pen slots and inside several slots in front large pocket with Velcro closure under flap over, storage pen holders, documents, binder, power cords, mouse; 1 main zipper Pocket with foam padded sleeve fits most 15 15. 6 inch Laptop notebooks MacBook Ultrabook Chromebook; back invisible zipper pocket for your valuables  ",B07HCWLV57,Unisex
https://www.amazon.in/Wesley-Spartan-Hiking-Raincover-Organiser/dp/B098QFF5TJ,Wesley Spartan Unisex Travel Hiking Laptop Bag fits Upto 17.3 inch with Raincover and Internal Organiser Backpack Rucksack College Bag,851,"2,839",4.1 out of 5 stars," Durable Material: This computer laptop bag is made of high quality water resistant durable synthetic nylon fabric polyester with smooth metal zipper and durable metal hook of strap;Stylish and functional,this is a nice gift idea for Mothers day ,Fathers day from daughter son  ",DailyObjects,Capriff
https://www.amazon.in/ADISA-BP005-Weight-Casual-Backpack/dp/B07F3X45WZ,ADISA Light Weight Laptop Backpack 32 Ltrs,549,"3,277",4.0 out of 5 stars," Big front pocket with strengthened shockproof foam padding offers great convenience to put your accessories such as adapter, portable keyboard, cables, iPad, phone, passport etc, very secure. Top-loading zipper on the bag glides smoothly and allows convenient access to your laptop.  ",B09YRT2F7Q,21.6 x 6.3 x 15.5 Centimeters
https://www.amazon.in/Wildcraft-Ltrs-orange-Rucksack-8903338073864/dp/B01G5I8YLC,"Wildcraft 45 Ltrs Grey and Orange Rucksack (8903338073864), Large","1,570","10,506",4.3 out of 5 stars," Laptop compartment is padded with thick soft foam & fixed with hook&loop strap, providing excellent protection for your devices, that effectively absorbs accidental bumps, reduces damages caused by impacts or scratches.  ",SL5059,1 kg 200 g
https://www.amazon.in/AFN-FASHION-Casual-bagpack-Backpack/dp/B081X69ZL7,Afn Fashion 45 Ltrs Casual backpack/ office/ School Bag/Laptop Backpack for (15.6 inch) Blue,699,"5,922",4.0 out of 5 stars," A pass-through strap at back can attach the briefcase to the rolling luggage securely, free of your hands on the go. This considerate design makes it can be used on travel, work, school, holiday, outdoor activities etc.; An adjustable long shoulder strap with top padding can be removed and dual top handles for your choice, easily switch of your comfortable carrying way.  ",B09RK6NCGC,Bagzone Lifestyle Pvt Ltd
https://www.amazon.in/Rucksack-Travel-Backpack-Trekking-Compartment/dp/B07YDGQQN5,"Fur Jaden 55 LTR Rucksack Travel Backpack Bag for Trekking, Hiking with Shoe Compartment",799,"7,118",4.2 out of 5 stars," External dimension: 43 x 30 x 7 cm / 16.9 x 11.8 x 2.7 inches (LxHxW); Laptop compartment dimension: 40 x 28 cm / 15.7 x 11 inches (LxW), fits most 15-15.6 inches laptops / MacBooks / Macbook air / Acer Chromebook / Acer Aspire / Acer Flagship / HP pavilion / Dell inspiron 15 / Dell inspiron 13 / Notebooks / Tablet / Ultrabooks / PC Computer devices / ASUS / Apple / Windows / Ipod / Netbooks.; Included Components: Messenger Bag  ",B083PBZHP7,320 g
https://www.amazon.in/POLESTAR-Casual-bagpack-School-Backpack/dp/B07PQQ8M7B,"POLESTAR Noble 32 L College/ School/ Office/ Casual/ Travel Backpack with 15.6"" laptop compartment, made with polyester, 1 year warranty",639,"8,076",4.0 out of 5 stars, Department Name: Unisex-Adult; Age Range Description: Adult; Outer Material Type: Nylon; Inner Material Type: Cotton  ,B078XFX2Z3,Unisex-adult
https://www.amazon.in/ZIPLINE-Polyester-Backpack-Children-Daypack/dp/B07XVMR33Q,ZIPLINE Unisex Casual Polyester 36 L Backpack School Bag Women Men Boys Girls Children Daypack College Bag Book School Sports Bag Weekend Bag,.,"1,155",4.1 out of 5 stars, Size: about 32 x 15 x 45cm / 11.9 x 5.91 x 17.7inch  ,Ambrosia Bags,Wildcraft
https://www.amazon.in/Genie-Flamenco2-Backpack-Compatible-Resistant/dp/B08YF9VHTY,"Genie Flamenco2 Casual Backpacks for Women, 14 inch, Stylish and Trendy College backpacks for girls, Water Resistant and Lightweight Mini Bags . Latest collection (Sky Blue)",798,"3,974",4.4 out of 5 stars," Innovative Design: Utility of a Messenger Bag with Convenience of a Laptop Sleeve. The all new Informal is a versatile semi-formal laptop bag handcrafted to accommodate all your professional belongings. Material of Laptop Messenger Bag is Premium Canvas which is waterproof, YKK Zippers and Comfortable shoulder strap and grabs handles.  ",Wildcraft,"Safari, 302-303, A Wing, The Qube CTS No.1498, A/2, Sir Mathuradas Vasanji Rd, Marol, Andheri East, Mumbai, Maharashtra 400059"
https://www.amazon.in/Wesley-Milestone-Waterproof-Backpack-Business/dp/B084JGJ8PF,Wesley Milestone 2.0 15.6 inch 30 L Casual Waterproof Laptop Backpack/Office Bag/School Bag/College Bag/Business Bag/Unisex Travel Backpack (Blue and Black),638,"6,109",4.3 out of 5 stars," Convenient, Comfortable and Elegant: 2 compartments for up to a 15” laptop or tablet, hard disk, file, notebook, cheque book and other documents. 3 internal open pockets for a mobile phone, charger or a power bank and other utilities. 1 quick-access vertical zipper in the front.  ",B097JJPQ2K,Men's
https://www.amazon.in/regular-waterproof-storage-college-Backpack/dp/B08BYSL2ZT,The Westzone Regular Hi Storage 25 L Waterproof Rain Cover Laptop Backpack (Navy Blue Ct),538,"5,595",3.9 out of 5 stars, A much Safer Way to Carry Laptop: The bag is made of soft and environmentally friendly materials with reinforced edges and good padding of the main compartment offer well protection for your laptop.  ,ADL International,"Red Turks India, Red Turks India ,D-08, First Floor, M.R.Society, opp Raheja College.Relif Road, Santacruz (W) Mumbai no-400054. Tel : +91 9167 1484 25 , EMail : sandesh@redrootsindia.com, ecom@redrootsindia.com"
https://www.amazon.in/Bennett-Mystic-Shoulder-Messenger-Repellent/dp/B08X2T2M8G,"Bennett Mystic 15.6 inch Laptop Shoulder Messenger Sling Office Bag, Water Repellent Fabric for Men and Women (Blue)",639,"35,886",4.1 out of 5 stars, COMPATIBLE for all the major brands of 15.6-Inch Laptops.  ,B07JWP1K76,"Lavie, Bagzone Lifestyle Pvt Ltd | | LAVIE 402, Ackruti Star, MIDC Central Road, Andheri East, Mumbai – 400093."
https://www.amazon.in/DEfANZO-Polyester-Adjustable-Expendable-Compartments/dp/B09NGY36DC,"DEfANZO 30L 15.6"" Polyester College Teen Casual Laptop Bags/Backpack for Men with Adjustable Strap Expendable with 3 Compartments",512,856,4.2 out of 5 stars," Designed for most 15.6-Inch Laptops, Maximum Fit Size (Dimension-45 CM X 32 CM X 8 CM), Super Light Weight: 812 Grams, and easy to use, practical design and exquisite workmanship.  ",B094NNHCJT,"Sumitsu Apparel Pvt Ltd, Plot No. 324, Phase IV, Sector 18, Gurugram, Haryana , 122016, Sumitsu Apparel Pvt Ltd, Plot No. 324, Phase IV, Sector 18, Gurugram, Haryana , 122016, Ph. 0124 234 0203"
https://www.amazon.in/Kleider-Travel-Business-Messenger-Shoulder/dp/B084ZHP97M,DEIN KLEIDER Men's Nylon Messenger Bag,399,277,3.9 out of 5 stars," Outer Material: Polyester, Color: Turquoise Blue; Not water resistant  ",India,Goatter
https://www.amazon.in/backpack-laptop-computer-leisure-charging/dp/B09YH4W93G,Anti theft backpack laptop gift bag 16 inch computer backpack leisure USB charging travel bag,281,"4,426",2.4 out of 5 stars, Capacity: 26.5 liters; Weight: 490 grams; Dimensions: 18 cms x 32 cms x 46 cms (LxWxH)  ,B07L8H6P99,Gear Merchandise PVT LTD E/12 West Chowbaga Gulshan colony KoLkata-700100 Contact 9830403366
https://www.amazon.in/Half-Moon-Backpack-Luggage-Compartment/dp/B09VCLZ3K4,Half Moon Large 37L Laptop Bag Backpack for menं Women Boys and Girls Luggage Travel Bags with 17.3 inches Laptop Compartment & Rain Cover,449,"7,110",3.9 out of 5 stars, Number of compartments: 3  ,B08T9TDFCH,200 g
https://www.amazon.in/Wildcraft-Packs18-Laptop-Backpack-Streak/dp/B07FC4D9B5,Wildcraft Work Packs'18 21 Ltrs Black Laptop Backpack (Streak Plus),719,"1,124",4.4 out of 5 stars," Laptop Compatibility: Yes, Laptop Size: 17 inches  ",B07G4JQX2F,"Bagzone Lifestyle Pvt Ltd | | LAVIE 402, Ackruti Star, MIDC Central Road, Andheri East, Mumbai – 400093"
https://www.amazon.in/TRUE-HUMAN-Anti-Theft-charging-combination/dp/B09H7PK5ML,TRUE HUMAN Anti-Theft and USB Charging Port Backpack with Combination Lock Laptop Bag (Grey),"1,463","4,879",4.0 out of 5 stars, Special Features: Integrated Rain Cover; Closure Type: Zipper  ,"HOLDER-01cBEIGE,BLK-2","Sumitsu Apparel Pvt Ltd,, Sumitsu Apparel Pvt Ltd, Plot No. 324, Phase IV, Sector 18, Gurugram, Haryana , 122016, Ph. 0124 234 0204"
https://www.amazon.in/Capriff-Waterproof-Backpack-adjustable-Compartment/dp/B09V5F5TV9,Capriff 35 L Casual Waterproof Laptop Bag/Backpack for Men Boys & Girls For Office School College Teens & Students with Rain Cover With adjustable Strap With 2 Compartment,695,"15,108",4.0 out of 5 stars," 17"" Laptop Cmpatible, Raincover, 3 Compartments  ",B096KT3YZW,16.5 x 29.2 x 39.4 Centimeters
https://www.amazon.in/Wesley-Milestone-Waterproof-Backpack-Business/dp/B07K8KLB3P,Wesley Milestone 15.6 inch 25 L Casual Waterproof Laptop Backpack/Office Bag/School Bag/College Bag/Business Bag/Unisex Travel Backpack,719,"1,817",4.3 out of 5 stars," Outer Material: Polyester, Color: Black  ",B09FT1WG6F,ADISA
https://www.amazon.in/GEAR-Black-Blue-Backpack-years/dp/B019HA8AYG,Gear Carryon Backpack Black- Blue (BKPCARYON0110),448,474,3.7 out of 5 stars, Water resistant  ,SCREENSHOT,42 x 3 x 31 Centimeters
https://www.amazon.in/POLESTAR-Navyorg-Casual-bagpack-Backpack/dp/B0844R2GMK,"Polestar Space 34 Liters Casual/ Office/ Travel/ School Backpack Bag, made of Polyester, 1 year warranty",194,"5,917",4.0 out of 5 stars, Capacity: 20 liters; Dimensions: 27 cms x 20 cms x 38 cms (LxWxH)  ,B09TPY1G1W,"VIP Industries Ltd, ﻿VIP Industries Ltd, DGP House, 5 th Floor, 88C Old Prabhadevi Road, Mumbai, Maharashtra - 400025; 24X7 Toll Free Helpline No. 1800-1022-256"
https://www.amazon.in/Casual-Travel-Backpack-School-College/dp/B09PVCF9F8,Blue 45 LTR Casual Travel Backpack School bag College bag Laptop bag 7kgs cabin bag,599,658,5.0 out of 5 stars, Number of compartments: 3  ,TCFLBPO-IN-P-156GRY,PAGWIN
https://www.amazon.in/Artistix-Backpack-Anti-Theft-Charging-Resistance/dp/B082PKX18C,Artistix Talon Anti-Theft Design Laptop Backpack Bag in Water Resistance With USB Charging Port (46 Cm) (Black),503,"1,700",4.3 out of 5 stars, Laptop Compatibility: No  ,B09FT4XYZD,Women
https://www.amazon.in/TRUE-HUMAN-Anti-Theft-backpack-combination/dp/B09VCHV6T5,"TRUE HUMAN Emperor ( ZYDEN ) Anti-Theft backpack with combination lock Laptop bag , office bag , college bag",999,10,4.0 out of 5 stars, Warranty type: Manufacturer; 1 year manufacturer warranty  ,B08HCPN3SQ,SaiTech IT Private Limited
https://www.amazon.in/Gear-Black-Laptop-Backpack-LBPASPIRE0104/dp/B075MK4TXP,Gear 30 Ltrs Black Laptop Backpack (LBPASPIRE0104),659,"2,465",4.4 out of 5 stars, It is water resistant School Bag  ,DailyObjects,Unisex-adult
https://www.amazon.in/Motherly-Diaper-Bags-Travel-Basic/dp/B07PKQ3WJZ,"Motherly Diaper Bags for Mom Travel Basic Edition (Navy Blue,Pack of 1)","1,295",3,4.6 out of 5 stars,Number of compartments: 3,B09CLBTCL7,"Atulitu Agency, ,251/3364, Tagore Nagar - 1, Vikhroli East, Mumbai - 400083 (9820078070), Atulitu Agency, 251/3364, Tagore Nagar - 1, Vikhroli East, Mumbai-400083 (9820078070)"
https://www.amazon.in/Backpack-Adventure-Camping-Trekking-Rucksack/dp/B091SNKKB4,70L Travel Backpack Hiking Bag Adventure Camping Trekking Bag Rucksack -70L,"1,495",159,4.0 out of 5 stars,This Bag comes with attractive Mickey Print on front. Made up of durable and quality polyester material. Spacious to accommodate all your essentials,Trajectory Marketing LLP,Unisex
https://www.amazon.in/Backpack-Small-Black-Water-Repellant/dp/B088XB5XY8,"Mi Step Out 12 L Mini Backpack (Small Size, Black, Water Repellant)",999,"1,545",4.2 out of 5 stars,"Outer Material: Polyester, Color: Black",B099NM8621,Mens
https://www.amazon.in/HEROZ-Hammer-Durable-Travel-Laptop/dp/B07MGDFT9C,HEROZ Hammer Unisex Nylon 45 L Travel Laptop Backpack Water Resistant Slim Durable Fits Up to 17.3 Inch Laptop Notebook (All) (Grey & Black),349,593,4.3 out of 5 stars," Made With Love in India, using Water Repellant Strong Polyester Fabric on the Outside and Smooth Scratch-free Internal Lining.  ",DDD-Marvel-Red-35,31.8 x 8.9 x 17.8 Centimeters
https://www.amazon.in/HP-Express-Backpack-15-6-inch-laptops/dp/B07H5YQ1MS,HP Express 27 ltrs 15.6-inch Laptop Backpack (Black),"1,345",27,4.2 out of 5 stars," 2 Zippered Pockets in the Front for Storing Items like Chargers, Mobile Phones, Cables, External Hard Drives Etc.  ",Atulitu Agency,"Hindustan Foam, Hindustan Foam, 16m Golam Jilani Khan Road, Kolkata 700039, Contact : 9831172714"
https://www.amazon.in/POLESTAR-Ranker-Casual-Bagpack-Backpack/dp/B08421FNT3,"POLESTAR Ranker 32 L College/ School/ Office/ Casual/ Travel Backpack with 15.6"" laptop compartment and rain cover, made with polyester, 1 year warranty",849,"9,950",4.1 out of 5 stars," Spacious yet Sleek Main Compartment has ample Space for Items required for the Daily Commute. Items like Books, Files, Headphones, Jacket and other similar items easily fit into this Main Compartment.  ",ADL International,Unisex-adult
https://www.amazon.in/Skybags-Brat-Black-Casual-Backpack/dp/B08Z1HHHTD,Skybags Brat Black 46 Cms Casual Backpack,699,"4,059",4.1 out of 5 stars, The Dedicated & amply Padded Laptop Compartment keeps the Device Safe & Secure during Travel and While Stored.  ,FLOWER-POUCH123,31 x 18 x 52 Centimeters
https://www.amazon.in/DIVING-DEEP-Backpack-Polyester-Bag/dp/B08F7YYZTJ,DIVING DEEP Women Backpack Latest School Bag for Girls (Black),599,"4,517",3.3 out of 5 stars, Ergonomically Designed and Thickly Padded Shoulder Straps provide a Comfortable Carrying Experience even when Carrying Heavy Loads.  ,B0851HDLH6,"Hours Overseas Pvt.Ltd,344,Udyog Vihar-VI,Sector-37,Gurugram-122001, Hours Overseas Pvt.Ltd,344,Udyog Vihar-VI,Sector-37,Gurugram-122001"
https://www.amazon.in/Fancyku-Bangtan-Backpack-Shoulder-Charging/dp/B07L4GYKH9,Fancyku Kpop BTS Bangtan Boys Casual Backpack Daypack Laptop Bag School Bag Bookbag Shoulder Bag with USB Charging Port(Black 3),349,3,4.0 out of 5 stars," Combination of functional & safety features in stylish design, Soft mesh back with 8 mm foam padded 2 Main Compartment, 1 Slip In Pocket inside the bag, Printed Design, Mesh bottle holder on the side,  ",Cairho Enterprises,"Lavie, Bagzone Lifestyle Pvt Ltd | | LAVIE 402, Ackruti Star, MIDC Central Road, Andheri East, Mumbai – 400093"
https://www.amazon.in/AirCase-C24-Messenger-Shoulder-Compartments/dp/B07Z3XT9MZ,"AirCase C24 13.3 Inch/14 Inch Messenger Laptop Bag with Shoulder Strap, Water resistant, Handle and 2 Multi Utility Compartments","1,188","1,253",4.4 out of 5 stars," Suitable for a short business trip or a quick weekend getaway. Size In inches?17""L*4.5""W*12.4""H. weight: 800grm  ",PTO0,Urban Fad
https://www.amazon.in/Fast-Travel-partition-Collage-Backpack/dp/B0B1W2KK4V,"Fast Travel 45 Ltrs, 46 cms School Bag Class 5-12 Large 4 partition Laptop Collage Office Travel Backpack Unisex",913,65,4.2 out of 5 stars, Laptop padding? The laptop padding fits 15.6 inch laptop for business travel. Other compartment fits 17inch Laptop. Large capacity and front and interior pockets organization for all your business needs.  ,India,"Gear Merchandise Pvt Ltd, Gear Merchandise Pvt Ltd, E/12 West Chowbaga Gulshan Colony, Kolkata-700100"
https://www.amazon.in/ADISA-SL5038-women-girls-sling/dp/B08Q4FHQLN,ADISA Women's Sling Bag,549,"3,163",4.1 out of 5 stars," Removable, adjustable padded shoulder strap; HIGH QUALITY MATERIAL: Made from Premium and Rich quality PU Leather Fabric with Durable Polyester lining.  ",B09KXD8C8Z,380 g
https://www.amazon.in/15-6-inch-Briefcase-Resistant-Waterproof-Compatible/dp/B0966F821Q,"Sabuz Bag 15.6-inch Laptop Computer Briefcase,Water Resistant, Business Bag with Waterproof Zipper,Shoulder Bag Handbag,Compatible with laptop MacBook Notebook,for MeN&Women",495,"1,564",4.0 out of 5 stars," PERFECT GIFT :With a mutlipurpose use and a classy distressed Vintage inspired look which never goes out of style , This bag is a great gift idea for Fathers Day , Birthdays , Valentines Day , Christmas, Graduation, Back To College Or Any Occasion Which Calls For A Gift . Makes a great gift for professionals, artists , students and all sorts of officials. The bag can be used as a Leather messenger bag for men and women ,laptop bags briefcase , college bag, meeting bag, gift idea  ",B077QC7LFP,Men's
https://www.amazon.in/15-6-inch-Briefcase-Waterproof-Artificial-Compatible/dp/B094GB8VS2,"World Speed 15.6-inch Laptop Computer Briefcase,Water Resistant, Business Bag with Waterproof Zipper,Shoulder Bag Artificial Leather Handbag,Compatible with laptop MacBook Notebook,for Men/Women",749,817,4.3 out of 5 stars, Inner Material Type: Nylon  ,B07S6FLDWR,500 g
https://www.amazon.in/SAFARI-Turquoise-Laptop-Backpack-WANDERER19CBTBU/dp/B07Q321QDM,SAFARI 46 cms Turquoise Blue Laptop/Casual/School/College Backpack (WANDERER19CBTBU),649,"2,682",4.1 out of 5 stars, Material: High quality Waterproof Polyester material and nice eye catchy handbag; 3 Big compartments with Zip closure and 6 Pockets that can easily carry your multiple utility for better organization.  ,B099Q2KXJ3,Men's
https://www.amazon.in/Hammonds-Flycatcher-Messenger-Compartment-LB106BR/dp/B07P2TQH78,Hammonds Flycatcher Original Bombay Brown Leather Laptop Messenger Bag for Laptop/MacBook up to 15.6 inch|Padded Laptop Compartment|Office Bag,889,"6,194",4.3 out of 5 stars," Dimensions: Length: 35, Width: 18: Height: 27 cm, Closure: Zip; Strap Type: Shoulder  ",B083PBMNSF,Men
https://www.amazon.in/WILD-MODA-Womens-Shoulder-Turquoise/dp/B099PLT91X,"WILD MODA Women's Shoulder Bag, Set of 1","2,474","3,490",4.3 out of 5 stars," High quality soft Lining Anti-theft pocket with Top Zip Closer; Extra pockets for more space and easy to carry, the extra pocket on the inside comes with a closure so you can put all your important things inside like mobile, keys, jewellery, napkins, etc. Safely without the fear of losing them  ",ADL International,Wildcraft
https://www.amazon.in/Lavie-Broxa-Womens-Sling-Navy/dp/B08KT1PR6Q,Lavie Women's Broxa Flap Over Sling Bag | Ladies Purse Handbag | Crossbody Sling Strap,849,"6,386",4.2 out of 5 stars, Warranty: 6 months domestic warranty on manufacturing defects; Care Instructions: Do not expose to extreme heat; Inner Material Type: Satin  ,B07RFC455K,"ADISA, careadisa@gmail.com"
https://www.amazon.in/Protecta-Triumph-Repellant-Laptop-Backpack/dp/B096V2KF87,Protecta Triumph Water Repellant 26 L Laptop Backpack,"1,019","1,340",3.8 out of 5 stars, Age Range Description: Adult; Occasion Type: Casual  ,WildHorn,Unisex-adult
https://www.amazon.in/Kuber-Industries-Polyster-Backpack-Black-DISNEY013/dp/B085SJCTBC,"Kuber Industries Disney Mickey Mouse 15 inch Polyster School Bag/Backpack for Kids, Black-DISNEY013","1,009",824,4.1 out of 5 stars, Dimensions: LxWxH - 8 x 3 x 6.75 inches  ,ADL International,"Gear Merchandise Pvt Ltd, Gear Merchandise Pvt Ltd, E/12 West Chowbaga Gulshan Colony, Kolkata-700100"
https://www.amazon.in/Bagneeds-Synthetic-Leather-Briefcase-Messenger/dp/B0855F8174,Bagneeds Men's Black Synthetic Leather Briefcase Best Laptop Messenger Bag Satchel for Men,427,360,3.9 out of 5 stars," Dimension:33 cms x20 cmsx 46 cms (LxWxh),45 liters  ",Wildcraft,40.6 x 7.6 x 30.5 Centimeters
https://www.amazon.in/Storite-Stylish-Sling-Bag-Grey/dp/B098L372Z7,"Storite Stylish Padded Nylon Sling Cross Body Travel Office Bag for Men Women (22.5cm x 9.5cm x 22.5 cm, Dark Grey)",597,480,4.1 out of 5 stars, Number of Compartments:4 Laptop Compatibility: Up to 16 Inches  ,B09K3M15Z3,"SMILEDRIVE®, ""Toll Free Support - 1800-1234-414"""
https://www.amazon.in/Storite-Leather-Sling-Bag-Brown/dp/B08TR8RMNH,"Storite Stylish PU Leather Sling Cross Body Travel Office Messenger One Side Shoulder Bag for Men Women(Brown, 20.5x9x16.5cm)",635,29,4.2 out of 5 stars, Material:Polyester:Water Resistance Level:Waterproof  ,Trajectory Marketing LLP,Men
https://www.amazon.in/Polestar-Liters-Polyester-Casual-Backpack/dp/B09243WY6M,"POLESTAR Enzo 35 L College/ School/ Office/ Casual/ Travel Backpack with 15.6"" laptop compartment and rain cover, made with polyester, 1 year warranty",849,"1,830",4.4 out of 5 stars, Warranty Description: Manufacturer; 1 Year Domestic Warranty  ,B099Q2H6BT,XYZ PVT. LTD
https://www.amazon.in/Genie-Flamenco2-Backpack-Compatible-Resistant/dp/B08YF1XJXY,"Genie Flamenco2 Casual Backpacks for Women, 16 inches, Stylish and Trendy College backpacks for girls, Water Resistant and Lightweight Mini Bags . Latest Collection (Sky Blue)",699,66,3.9 out of 5 stars, Special Features: LightWeight Strong stitching 2 Bottle Pocket Anti-Thift Backpack With Mesh Padding On Back to Provide Better Back Support  ,GTBH04,30 x 12 x 42 Centimeters
https://www.amazon.in/POLE-STAR-Casual-Backpack-bagpack/dp/B074G3TJYF,"POLESTAR Hero 32 L Casual/ School/ College/ Day light weight Backpack, made with polyester, 1 year warranty - Slogan print",.,308,4.3 out of 5 stars," ?? A perfect pick for daily use, this Polyester Trending Backpack can securely be used to carry mobile phone, cards, cosmetics, umbrella and other daily essential things in a safe, secure and arranged manner. No matter wherever you are heading to, it can be your companion for every hour of need.  ",SMILEDRIVE®,Gear Merchandise PVT LTD E/12 West Chowbaga Gulshan colony KoLkata-700100 Contact 9830403366
https://www.amazon.in/F-Gear-Blow-Laptop-Backpack/dp/B078J63VRY,"F Gear Blow Laptop Backpack With Rain Cover 32 Liters (Black,Grey) Sch Bag",679,152,4.2 out of 5 stars," ?? Stylish & Fashionable: This bag is designed for modern fashion-conscious individuals who desire style along with functionality. It is a perfect mid-sized bag to carry all the daily essentials while using it as a fashion day-pack, mini travel bag, college backpack etc.  ",ADL International,99 g
https://www.amazon.in/Artistix-Laptop-Travel-Backpack-Charging-Resistance/dp/B082QZRX7F,Artistix 35 Ltrs 46 cm Laptop Backpack (Onyx_Black),569,"3,427",4.5 out of 5 stars," ?? Product Material: It is made using the finest grade Polyester inner fabric to ensure durability at its best. Besides, it has sturdy, non-slip, and comfortable top loop handle as well as adjustable straps at its back to ensure you look cool everywhere - be it shopping, traveling, work or date.  ",B0991YB72T,Men
https://www.amazon.in/Safari-45L-21-OB-BLK/dp/B07BZ5VC4H,Safari 45 Ltrs Black Large/Travel/Office Laptop Backpack (Seek 45L 21 OB BLK),"1,049","1,985",4.3 out of 5 stars," ?? Bag Compartments: This stylish shoulder carry backpack contain 1 large main zippered compartments, 1 front Pocket and 1 inner pocket and mobile pocket to carry anything and everything you want in a secure and arranged manner that fits into this premium backpack.; ?? Zip closure with adjustable strap; Special Features: Back Padding; Water Resistance Level: Waterproof; Age Range Description: Adult  ",grey laptop bag-01,Martucci
https://www.amazon.in/ADISA-Women-Girls-Floral-SL5072-CRE_Cream/dp/B09B56BCXR,ADISA Women Girls Floral Print Sling Bag,"1,199","4,079",4.3 out of 5 stars, Water Resistance Level: Waterproof; Age Range Description: Adult; Special Features: Back Padding  ,B07G4CYC74,Women's
https://www.amazon.in/Lenovo-Professional-Backpack-Water-resistant-Uncompromised/dp/B08R7S55H4,"Lenovo 15.6"" Professional Backpack, Made in India, Water-resistant,Uncompromised storage, Travel friendly:Fleece-lined PC compartment,Vented,Padded BackPanel & Adjustable shoulder straps,Luggage strap","2,599",310,4.4 out of 5 stars," Lavie Broxa sling is a stylish carry for women. It is trendy, light weight, spacious and available in beautiful multiple colors. The bag is beautifully crafted from premium man-made leather with latest saffiano texture & wavy stitch pattern at the front. The bag has a well-stitched inner lining for easy accessibility and storage.  ",B07FQMN9VN,SaiTech IT Private Limited
https://www.amazon.in/Protecta-Professional-15-6-inch-Briefcase-Geometric/dp/B07GNCRCP4,Protecta The Professional Laptop Bag Briefcase for Laptops with Screen Size Up to 15.6 Inch (Black & Indian Geometric Print),495,"1,683",4.4 out of 5 stars, Dimension: 19.4 cm in length X 3.5 cm in width X 11 cm in height  ,Trajectory Marketing LLP,"Akshaya Rubbers, Hebbal Industrial Area, Mysore, 7022982998"
https://www.amazon.in/Lenovo-15-6-Inches-Everyday-Backpack/dp/B08R7RPVJF,Lenovo Slim Everyday Backpack,"1,099",459,4.1 out of 5 stars," Broxa sling bag has a flat bottom to keep your essentials intact. Interior has 1 main compartment, with a flap closure on top for safety. Inside the bags there is 1 slip pocket alongside 1 zip pocket, providing space for keeping your phone, portable charger, coins, sanitizer etc. The bag also has adjustable sling strap to carry it in various ways, fastened with gold toned hardware.  ",6012,35 x 24 x 62 Centimeters
https://www.amazon.in/Nivia-5177BK-Polyester-String-Black/dp/B071XM6PSM,NIVIA String Bag,709,538,3.3 out of 5 stars," This sling is perfect for ladies to carry for a weekend getaway or even a day at the mall for shopping. It can be paired with a playsuit, a basic crop top & jeans. This spacious and sturdy bag makes for a perfect gift for all your occasions  ",B088B4P6ZW,Unisex
https://www.amazon.in/Mammon-Womens-Leather-Handbag-4-teddy-pink/dp/B08N5F7P68,Mammon Women's PU Leather Handbag Combo,699,"2,648",4.1 out of 5 stars," PREMIUM MATERIAL CONSTRUCTION - Superior leather masterfully sewed with durable and strong lining to ensure long lasting durability (leather surface have disorderly wrinkles, scars, scratches that present the style of retro and wildness).  ",SUMITSU APPAREL PVT. LTD.,39.4 x 15.2 x 29.2 Centimeters
https://www.amazon.in/American-Tourister-AMT-SCH-BAG01/dp/B07CJCFNZG,American Tourister Casual Backpack,162,483,3.9 out of 5 stars," PRODUCT UPGRADE - Compared with other briefcases or Messenger Bag, this updated briefcase's inner foam paddings and bottom foam paddings protect notebook computers by absorbing impacts that can be inflicted in daily life. Carrying handle made of the same cowhide and fixed by high quality hardware, which brings comfortable feeling and makes the bag durable.  ",B08XX6X5SH,"Retail Studio, Eretail.studio@gmail.com"
https://www.amazon.in/Goldstar-Resistant-Rucksack-Backpack-Trekking/dp/B08WK7DKSF,"Goldstar Bags 65 L Water Resistant Rucksack Hiking Backpack/Bag for Trekking/Camping/Travel/Outdoor Sports (Navy Blue,Black)",580,"14,829",3.9 out of 5 stars," EASY TO CARRY - Hammonds Flycatcher 15.6-inch Laptop Messenger Bag's padded main compartment is designed to house 15.6-inch laptop computers of most brand, The leather is tailored from the different buffaloes so there would be a little different displaying in colors. Some part may be deeper in colors but other parts may be lighter in colors. All of them would not affect its beauty and function.  ",B09MD5JNRK,HEART CHOICE
https://www.amazon.in/Finer-Nylon-Grey-School-Backpack/dp/B078MRP6K9,Finer Backpack 34 litres (with raincover),"1,099","1,155",3.3 out of 5 stars," VARIOUS POCKETS - Excluding the main storage compartment, featured on the messenger bag are 2 larger Front pockets for easy access of frequently handled items, 1 zipper pocket for significant articles such as wallets and identification documents, and 2 Inner wall pockets + Credit card (RFID BLOCKING), pen holder and other compartments to store cellphones, chargers, earbuds, and glasses.  ",PS_EXPLORE_BLKGRAY,SUMITSU APPAREL PVT. LTD.
https://www.amazon.in/Pagwin-Waterproof-Backpack-College-Business/dp/B09VZC6C8W,Pagwin 15.6 inch 25 L Casual Waterproof Laptop Backpack/Office Bag/School Bag/College Bag/Business Bag/Unisex Travel Backpack (PG-0025),819,855,4.1 out of 5 stars," WEARABILITY - The messenger bag features a wide shoulder strap that eliminates shoulder fatigue. The shoulder strap can be easily removed when not required, and effortlessly adjusted to preferred lengths. The bag can be carried by the handle, worn on shoulders, and positioned across body.  ",URBAN STYLE PROJECT,34.3 x 29.2 x 10.2 Centimeters
https://www.amazon.in/Safari-Backpack-Resistant-Polyester-Travelling/dp/B09B26VHXV,"Safari Flash Casual Backpack, 26 ltr Water Resistant Travel Bags, Blue Light Weight Polyester Bagpack for Men and Women, Spacious Shoulder Bag for College, Office, Travelling and Camping",839,"3,299",4.3 out of 5 stars, Faux leather material black colored sling bag  ,CRXL5211,"Bagzone Lifestyle Pvt Ltd, Bagzone Lifestyle Pvt Ltd | | LAVIE 402, Ackruti Star, MIDC Central Road, Andheri East, Mumbai – 400093."
https://www.amazon.in/Asera-Unicorn-Sling-Shoulder-Purse/dp/B0845W95KV,Asera Unicorn Sling Bags Shoulder Bag Hand Bag Purse for Kids Girls,549,621,4.0 out of 5 stars, 19 centimeters height x 24 centimeters length x 10 centimeters width  ,B07FYC4T1T,"Fur Jaden, 3-C, Jai Hind Bld, Dr AM Road, Bhuleshwar, Mumbai 400002, 8080888028"
https://www.amazon.in/Kleider-Nylon-Cross-Shoulder-Toaster/dp/B09RQM8HVG,Dein Kleider Nylon Cross Body Shoulder Toaster Sling Bag for Women (Black),659,335,4.2 out of 5 stars, Do not expose to extreme heat  ,B07Z9D3W9D,Cosmus
https://www.amazon.in/ADISA-SL5022-white-women-girls/dp/B07W6XDQ5K,ADISA Women's & Girls' Sling Bag,499,"1,117",4.3 out of 5 stars, Flat adjustable straps  ,B097TTQS2L,Unisex
https://www.amazon.in/Wildcraft-Turnaround-Polyester-Laptop-8903340000000/dp/B012D4QWES,Wildcraft Turnaround Polyester 14 inch 27 Ltrs Blue Laptop Bag (8903340000000),299,"1,265",3.2 out of 5 stars," 1 main bag, 1 messenger bag, 1 bottle bag ( Changing Pad and Bottom Board are included. )  ",B07KFFS3H6,PAZZO
https://www.amazon.in/Fargo-Handbag-Women-Girls-Light5pc/dp/B09N3K2ZCP,Fargo Handbag For Women And Girls COMBO SET OF 5 (Light5pc),495,712,4.1 out of 5 stars, Big Bag: 37*16*28CM Small Bag: 25*9*20CM Diaper pad: 45*26.5 CM Feeding bottle holder:20*8CM  ,Barfi,"FUR JADEN, Fur Jaden, 3C Jai Hind Bld, Dr AM Road, Bhuleshwar, Mumbai 400002"
https://www.amazon.in/POLESTAR-backpack-Backpack-College-Students/dp/B08X2KRL8B,"POLESTAR Leader 34 L College/ School/ Office/ Casual/ Travel Backpack with 15.6"" laptop compartment and rain cover, made with polyester, 1 year warranty","1,740","4,608",4.4 out of 5 stars, Brand new and high quality. Cartoon car printing design. Large capacity can storage many things.  ,DK03NSTB-HYP,Women
https://www.amazon.in/Sirona-Sanitary-Napkin-Diapers-Disposal/dp/B074CFRDX4,"Sirona Sanitary Disposable Bags - 30 Bags for Discreet Disposal of Tampons, Condoms, Sanitary Pads, Panty Liner and Personal Hygiene Waste",499,"9,851",3.6 out of 5 stars, Waterproof  ,B083KRT9GT,"Baggit, Baggit India PVT LTD"
https://www.amazon.in/Kleider-Travel-Business-Messenger-Shoulder/dp/B08DFPNTZF,Dein Kleider Nylon Sling Cross Body Travel Office Business Messenger one Side Shoulder Bag for Men and Women (Black),699,141,3.6 out of 5 stars, Water proof rain cover  ,Fur Jaden,"COSMUS BAGS PVT.LTD., 359,Ground Floor Abubakar Chawl Dharavi Main Road, Bagicha Compound, Dharavi Mumbai,400017 Landmark Dharavi Jama Masjid (Gujrati Jamat Khana) Mobile: +91 8767008844"
https://www.amazon.in/Half-Moon-Rucksack-Bags-Compartment/dp/B09S14TTG6,"Half Moon 40 Ltrs Water resistant Travelling Laptop Rucksack Backpack for Travel Journey Trekking Bags for Men Women Boys and Girls with Laptop Compartment & Rain Cover (Polyester, Black)",132,"2,055",4.1 out of 5 stars, Elastic and loop edges  ,B078JVT384,23 x 8 x 22 Centimeters
https://www.amazon.in/ADISA-Laptop-Backpack-Office-College/dp/B09TPVD964,ADISA 15.6 inch Laptop Backpack Office Bag College Travel Back Pack 32 Ltrs (z-Teal),345,25,4.4 out of 5 stars," Fully Seam taped, Lightweight  ",Trajectory Marketing LLP,"Northzone, Plot no 35 to 40 KH.No. 28/2 Ground Floor Agar Nagar Prem Nagar Phase 3 Delhi 110086"
https://www.amazon.in/FunBlast-Unicorn-School-Picnic-Children/dp/B07PXFWVF7,"FunBlast Unicorn Soft Bag for Kids – School & Picnic Bag for Baby,Boys,Girls / Lightweight Travel School Mini Backpack for Kids - Multi Color",759,625,3.1 out of 5 stars, Suitable for different styles of bag of between 20 and 40 litres  ,B07VT3F795,Safari
https://www.amazon.in/Touristiano-Resistant-College-Computer-Backpacks/dp/B08W2C3QKM,"Touristiano Water Resistant College School Book Bag Laptop Computer, Travel Backpacks Laptop Bag for Women Men (Grey) (Navy Blue)",501,261,4.0 out of 5 stars, Made of high quality Vegan Leather. Carefully handcrafted. Vegan Leather handles and a removable Webbing shoulder strap with a genuine Leather shoulder pad.  ,B09VTDMRY7,ADL INTERNATIONAL
https://www.amazon.in/Kuber-Industries-Waterproof-Polyester-KUBMART3442/dp/B08FRKTN12,Kuber Industries Disney Mickey Mouse Print 14 inch Waterproof Polyester School Bag/Backpack for Kids (Black)-KUBMART3442,645,15,4.2 out of 5 stars, An expandable zippered outer pocket. Inner Polyester lining. Genuine YKK zip closure. One open and one zippered compartment inside.  ,Retail Grapple,"Gear, Gear Merchandise Pvt Ltd, E/12 West Chowbaga Gulshan Colony, Kolkata-700100"
https://www.amazon.in/HEROZ-Backpack-Resistant-Durable-Notebook/dp/B09B7KC93T,HEROZ Hammer Unisex Nylon 35 L Travel Laptop Backpack Water Resistant Slim Durable Fits Up to 17.3 Inch Laptop Notebook (Black),408,"2,038",4.2 out of 5 stars," Elegant look and high quality PU leather Ultra-soft felt, Long Lasting durable fabric With Zipper Closure and handle.  ",B09QCTG6NV,"The Clownfish, Skyventure-91-9619856316"
https://www.amazon.in/Veneer-Backpack-Fashion-Leather-College/dp/B09BMG8R6Y,"Veneer Medium 20 L Laptop Backpack Men Womens Girls Fashion PU Leather Mini Casual Backpack Bags for School, College, Tuition, Office Bag (Black)",599,"2,603",4.4 out of 5 stars," Elegant look and high quality PU leather Ultra-soft felt, Long Lasting durable fabric With Zipper Closure and handle.  ",B09SHVKLFX,"Trajectory Marketing LLP, Trajectory Marketing LLP,Delhi"
https://www.amazon.in/FunBlast-Unicorn-School-Picnic-Children/dp/B07PXFWVF7,"FunBlast Unicorn Soft Bag for Kids – School & Picnic Bag for Baby,Boys,Girls / Lightweight Travel School Mini Backpack for Kids - Multi Color","1,022","1,007",3.1 out of 5 stars," Ideal for Professionals/Office going Men & Women. Slim, compact in size suitable for carrying business as well as day to day items like tablet, laptop, charger, phone, battery bank, pen, diary, visiting cards, keys etc.  ",TCFWHBFL-RSBEG7,Women
https://www.amazon.in/Touristiano-Resistant-College-Computer-Backpacks/dp/B08W2C3QKM,"Touristiano Water Resistant College School Book Bag Laptop Computer, Travel Backpacks Laptop Bag for Women Men (Grey) (Navy Blue)",749,"2,700",3.8 out of 5 stars," It is sample in look but is very comfortable and it of high quality || ALL MATERIAL USED ARE MADE IN INDIA || Can be used as a laptop bag , school bag , casual backpack , college bag , backpack , bags , bagpack etc  ",India,Diving Deep
https://www.amazon.in/Kuber-Industries-Waterproof-Polyster-Backpack/dp/B08HXK2MQS,Kuber Industries Disney Cars Print 14 inch Waterproof Polyster School Bag/Backpack for Kids (Red) - KUBMART09904,645,424,4.1 out of 5 stars, Capacity: 35Litres; Quality: best quality as it is perfectly designed and made from high quality lightweight nylon and double dotted waterproof polyester.  ,DF-OI_Parent,SaiTech IT Private Limited
https://www.amazon.in/GOCART-LOGO-Backpack-Briefcase-Convertible/dp/B0822H451W,GOCART WITH G LOGO Laptop Backpack Casual Daypacks Briefcase Convertible Business Travel Rucksack with USB Charging Port Large College School Bookbag Computer Laptop Bag,408,"2,278",4.3 out of 5 stars," This backpack is made to used for boys, girls, men, women and kids. This bag is very good for boys and girls of age because it has enough space to carry all books and accessories and it is very comfortable and stylish.  ",B07NSCCGBK,Aashiya Trades
https://www.amazon.in/AirCase-Messenger-13-Inch-14-Inch-MacBook/dp/B07WS6HTHY,"AirCase C26 13.3 Inch/14 Inch Messenger Laptop Bag with Shoulder Strap, Water resistant, Handle and 2 Multi Utility Compartments (Black)",569,10,3.4 out of 5 stars," Two Main Compartment And One Extra Compartment Offers Space For Magazines, Notepad,Other Laptop Accessories, Stationery items.  ",B09RWQFR4K,Unisex
https://www.amazon.in/Laxella-Waterproof-Lightweight-Backpack-Students/dp/B093DRDJD4,Laxella Casual Waterproof Lightweight Laptop Bag/Backpack for Men & Boys /Office School College Teens & Students.(Packof 1),"1,399",67,4.3 out of 5 stars," Eco-friendly, Durable, Lightweight, Flexible And Star Water-Resistant Material Helps To Keep The Interior Dry with a high quality material that keep Dust away.  ",B097KFYPCG,12 x 9.5 x 3 Centimeters
https://www.amazon.in/Killer-Office-Laptop-Bag-Messenger/dp/B06XKGB1R2,KILLER Men's Messenger Bag (Black),"1,065",882,4.2 out of 5 stars, Outer Material: PU / Synthetic Leather  ,B09NLVH8KY,500 g
https://www.amazon.in/Jaden-Black-Laptop-Backpack-Charging/dp/B07RRJ7LQB,Fur Jaden 30L Black Laptop Backpack Bag with USB Charging Port and Anti Theft Backside Pocket for Men and Women,391,526,3.4 out of 5 stars, Closure: Twist Lock ( Pull 'n' Turn )  ,B09RK7L9ZW,"Right Choice, Right Choice"
https://www.amazon.in/Aavishkar-Polyster-Weight-Laptop-Backpack/dp/B08DLL3794,Truvic Polyster Black Light Weight Laptop Bag 30 ltrs Laptop Backpack for Upto 15.6 inch Laptop (Black),"1,686",94,4.4 out of 5 stars, No. of Pockets: 1; No. of Compartments: 1  ,Crafts my dream,"Hindustan Foam, Hindustan Foam, 16m Golam Jilani Khan Road, Kolkata 700039, Contact : 9831172714"
https://www.amazon.in/Polyester-Avengers-Captain-America-Backpack/dp/B01M7R5KMW,AUXTER Red Polyester Avenger Captain America Shield school Bag casual Backpack Daypack,"1,799",453,4.2 out of 5 stars, Dimensions: LxWxH - 8.5 x 2.5 x 6 inches; Inner Material Type: Polyester  ,B088NB4YKB,ASIAN
https://www.amazon.in/ADISA-women-girls-round-embroided/dp/B09N2FXCSM,ADISA women girls round embroided sling bag (SL5080),440,377,4.4 out of 5 stars, Outer Material Type: Faux Leather  ,B08WZ9KP7Q,Wildcraft
https://www.amazon.in/Wildcraft-Turnaround-Polyester-Laptop-8903338054702/dp/B012D51GXO,Wildcraft Turnaround Polyester 35 Ltrs Blue Laptop Bag (8903338054702),529,882,4.7 out of 5 stars," PREMIUM CRAFTSMANSHIP: Handmade by Professional Artisans, a Stylish messenger bag perfect for Office and Business professionals, students and travellers for Elite Class statement.  ",B09PRQVQNX,"GEE KAY ENTERPRISES, PUNJAB, INDIA M : +91 8146718618"
https://www.amazon.in/Leather-14Inch-Messenger-Detachable-Shoulder/dp/B09XJBQCG4,Fur Jaden Vegan Leather 14Inch Laptop Messenger Bag with Detachable Shoulder Strap for Men and Women,399,526,4.5 out of 5 stars, HIGH QUALITY MATERIAL: Made from Premium and Rich quality PU Leather Fabric with Durable Polyester lining.  ,Atulitu Agency,RIDHI CREATION
https://www.amazon.in/Motherly-Diaper-Mothers-Backpack-Travel/dp/B09W2JP5BC,"Motherly Baby Diaper Bags for Mothers, Backpack for Mom for Travel","1,625",23,4.1 out of 5 stars," ONE BAG FOUR STYLES: There are 4 different ways for using this laptop Messenegr bag. The adjustable shoulder strap could be easily adjusted to appropriate length to be a SHOULDER BAG or a CROSS-BODY BAG, the detachable designing of shoulder strap can be removed to make your bag as a business BRIEFCASE or a HANDBAG.  ",B01JRNQDVA,Ambrosia Bags
https://www.amazon.in/BennettTM-Shoulder-Messenger-Repellent-Charcoal/dp/B09CV24TMK,"Bennett™ Mystic 15.6 inch Laptop Shoulder Messenger Sling Office Bag, Water Repellent Fabric for Men and Women (Charcoal Black)","1,199",676,4.3 out of 5 stars," MULTIPLE COMPARTMENT: With 5 multi functional compartments, keep all your belongs well organized anytime. Additional laptop pocket with Thick Shock-Proof Foam Padding to protect upto 15.6 inches laptop. Dimension: 43* 34 * 8 cm .We are proud to say that this product is MADE IN INDIA!  ",B08425TN29,"Bagzone Lifestyle Pvt Ltd, Bagzone Lifestyle Pvt Ltd | | LAVIE 402, Ackruti Star, MIDC Central Road, Andheri East, Mumbai – 400093"
https://www.amazon.in/AirCase-Messenger-13-Inch-14-Inch-MacBook/dp/B07WS6HTHY,"AirCase C26 13.3 Inch/14 Inch Messenger Laptop Bag with Shoulder Strap, Water resistant, Handle and 2 Multi Utility Compartments (Black)","1,399",283,4.1 out of 5 stars," GENUINE RUST FREE METAL HARDWARE: Messenger bag with solid and updated sturdy Rust Free hardware for zippers, buckles, closures and latches to ensure long lasting durability also this Product Comes with 10 years WARRANTY.  ",B09QMNCWMN,"KUBER INDUSTRIES, JALAJ G1-184 & 185, EPIP, BANK OF BARODA,LANE, GARMENT ZONE, SITAPURA,JAIPUR,(RAJ) 302012, Mob:-8505030382"
https://www.amazon.in/Storite-Leather-Laptop-Bag-inch/dp/B081GQJLD2,"Storite PU Leather 14 inch Laptop Messenger Organizer Bag/Shoulder Sling Office Bag for Men & Women – (37x 27x7 cm,Light Brown)",512,83,4.4 out of 5 stars, Synthetic material ocher colored sling bag  ,B083M1PNDD,THE HUTCH ENTERPRISES
https://www.amazon.in/Lavie-Denali-Womens-Sling-Black/dp/B07SNGMM42,Denali Hz Med Sling bag,"1,065",831,4.4 out of 5 stars, 15 centimeters height x 16 centimeters length x 6 centimeters width  ,B09V5PVDTC,"FUR JADEN, Fur Jaden, 3C Jai Hind Bld, DR AM Road, Bhuleshwar, Mumbai 400002"
https://www.amazon.in/Hoteon-Backpack-Anti-Theft-Earphone-Resistant/dp/B08HM4TQZZ,"Golden Wolf Laptop Bag,Business Anti Theft Backpack with Lock,Water Resistant College School Laptop Backpack with Rain Cover and USB Charging Port Earphone Port,Backpack Gifts for 15.6 inch Laptop 25 L Travel Bag For Women & Men,Dark Grey","1,059",249,4.3 out of 5 stars, Snap closure with single strap  ,Wildcraft,"Fur Jaden, Fur Jaden, 3C Jai Hind Bld, Dr AM Road, Bhuleshwar, Mumbai 400002"
https://www.amazon.in/Killer-Office-Laptop-Bag-Messenger/dp/B06XKGB1R2,KILLER Men's Messenger Bag (Black),"1,359",525,4.2 out of 5 stars, 3 compartments and 4 pockets  ,B01M7R5KMW,Touristiano
https://www.amazon.in/Jaden-Black-Laptop-Backpack-Charging/dp/B07RRJ7LQB,Fur Jaden 30L Black Laptop Backpack Bag with USB Charging Port and Anti Theft Backside Pocket for Men and Women,"1,849","2,965",3.4 out of 5 stars, Sling bag comes with no  ,B093DRDJD4,"ADISA, careadisa@gmail.com"
https://www.amazon.in/Aavishkar-Polyster-Weight-Laptop-Backpack/dp/B08DLL3794,Truvic Polyster Black Light Weight Laptop Bag 30 ltrs Laptop Backpack for Upto 15.6 inch Laptop (Black),"1,686",186,4.3 out of 5 stars, Do not expose to extreme heat  ,Ambrosia Bags,GOCART WITH G LOGO
https://www.amazon.in/AirCase-C27-Messenger-Laptop-Shoulder/dp/B07P1TGLQZ,"AirCase C27 15.6 Inch Messenger Laptop Bag with Shoulder Strap, Water resistant, Handle and 2 Multi Utility Compartments (Navy Blue)","1,799",880,3.9 out of 5 stars, Cross Hatch textured sling bag  ,B07SNGMM42,250 g
https://www.amazon.in/SKYBAGS-Campus-College-Laptop-Backpack/dp/B08425TN29,SKYBAGS Campus Plus XL RED College Laptop Backpack 33L,440,4,3.1 out of 5 stars,Croce textured front flap for style,6011,Half_Moon
https://www.amazon.in/Best-Deal-Laptop-Bags-Dell/dp/B01JRNQDVA,Best Deal Laptop Bags for HP/Dell Etc.,"1,074",17,4.7 out of 5 stars,Stylish metal logo for a classy look,B08HXK2MQS,Sling Bag
https://www.amazon.in/Leather-14Inch-Messenger-Detachable-Shoulder/dp/B09XJBQCG4,Fur Jaden Vegan Leather 14Inch Laptop Messenger Bag with Detachable Shoulder Strap for Men and Women,"2,440","1,700",3.9 out of 5 stars," Maroon textured artificial leather laptop bag Two short handles, one long detachable and adjustable shoulder strap One main zip compartments, has a laptop sleeve One external zip pockets + One hidden Pocket on the front An external zip pocket on the back  ",B09BMG8R6Y,Wildcraft
https://www.amazon.in/AirCase-Messenger-15-6-Inch-MacBook-2-Multi/dp/B07WPBDD6D,"AirCase C27 15.6 Inch Messenger Laptop Bag with Shoulder Strap, Water resistant, Handle and 2 Multi Utility Compartments (Black)",310,283,5.0 out of 5 stars," Durable Material: This computer laptop bag is made of high quality water resistant durable synthetic Leather with smooth metal zipper and durable metal hook of strap;Stylish and functional,this is a nice gift idea for Mothers day ,Fathers day from daughter son  ",B07RRJ7LQB,"Safari Industries, 302-303, A Wing, The Qube CTS No.1498, A/2, Sir Mathuradas Vasanji Rd, Marol, Andheri East, Mumbai, Maharashtra 400059"
https://www.amazon.in/Eco-Friendly-Bag-Reusable-Shopping-Grocery-Multipurpose/dp/B09V5PVDTC,Asian Eco-Friendly Jute Hand Bag-Reusable Tiffin Shopping Grocery Multipurpose Hand Bag with Zip & Handle for Men and Women,"1,199","1,273",4.3 out of 5 stars," Easy Carrying: Men's laptop messenger bag comes with a flat pass-through strap along the back, which allows the men briefcase bag to securely slip over the handle of any rolling luggage for hands-free transport  ",B09XJBQCG4,A. H. Creation
https://www.amazon.in/ZIPLINE-Synthetic-Executive-Briefcase-compartments/dp/B0756WRR9Z,Zipline Office Laptop Vegan Leather Executive Formal 15.6 inch Laptop & MacBook Briefcase Messenger/Office/Travel/Business Bag for Men Women with Multiple compartments (Brown),"1,020",244,3.6 out of 5 stars, Daily UsageThe briefcase is water resistant and antitheft.Office bag with metal hooks and metal double zippers keep long lasting for men/women.Great for business/school/gym/travel.  ,B08W2C3QKM,Unisex-adult
https://www.amazon.in/Luvlap-Multipurpose-Waterproof-Maternity-Shoulder/dp/B07Q4WKKCP,"LuvLap Jasmine Diaper Bag Multipurpose Waterproof Maternity Shoulder Cum Hand Bag (5 Pieces, Green)",199,"2,184",3.4 out of 5 stars," Comfort & Convenience: Dual sturdy wrapped bale handles for comfortable use, detachable adjustable PU padding shoulder strap inside the bag can easily convert your computer briefcase bag to a single-shoulder bag which bring you convenience in different occasion  ",B09GK3XQCF,Men
https://www.amazon.in/Aavishkar-Polyster-Weight-Laptop-Backpack/dp/B08DLL3794,Truvic Polyster Black Light Weight Laptop Bag 30 ltrs Laptop Backpack for Upto 15.6 inch Laptop (Black),"1,456",831,4.2 out of 5 stars, Light Weight Stylish Cross Body Sleek Sling Bag For 10 Inch Tablet/iPad  ,B0822H451W,"Retail Grapple, Retail Grapple, India"
https://www.amazon.in/Hammonds-Flycatcher-Leather-Messenger-13-inch/dp/B07BHT9MMM,"HAMMONDS FLYCATCHER Unisex Leather Laptop Messenger Bag (Brown, 15.6, 15, 14, 13-inch)","1,099",249,4.7 out of 5 stars, One Spacious Compartment With Well Padded iPad Section and plenty of space for other gadgets wallet documents + 2 Front And Back easy access Zipper  ,B07PXFWVF7,Unisex-adult
https://www.amazon.in/Leather-14Inch-Messenger-Detachable-Shoulder/dp/B09XJBQCG4,Fur Jaden Vegan Leather 14Inch Laptop Messenger Bag with Detachable Shoulder Strap for Men and Women,.,525,3.0 out of 5 stars, Made in India. Outer Fabric: Strong Durable PU Coated 100% Polyester Water Resistance Fabric.  ,B09S14TTG6,"Lenovo, #43/3, Maruthi Mandira, Arisina Kunta, Next to Holiday Plam Hotel, Nelamangala, Bangalore 562123, India"
https://www.amazon.in/Aashiya-SEQUIN-Unicorn-Backpack-Sequin/dp/B09PRQVQNX,Aashiya SEQUIN Unicorn Backpack for Girls + Pink Sling bag + Sequin Pouch - Kids Unicorn gift Combo,440,68,4.5 out of 5 stars, Dimension: 11.00x9.00x3.25 (Inches) [HxWxD] Weight: 320 Gms Capacity: 5 Litre  ,DK01NTSB-HYP,"ADISA, careadisa@gmail.com"
https://www.amazon.in/Hammonds-Flycatcher-Leather-Laptop-Brown/dp/B01M71S2UG,HAMMONDS FLYCATCHER Unisex Messenger Bag (Brown),"2,849",20,3.6 out of 5 stars," Hidden pocket: A zippered full-length padded pocket behind the back panel fits your files, books, or accessories.; Water bottle pocket: Keep your bottle handy in the expandable side pocket.  ",Wildcraft,PAGWIN STORE
https://www.amazon.in/Luvlap-Multipurpose-Waterproof-Maternity-Shoulder/dp/B07Q4WKKCP,"LuvLap Jasmine Diaper Bag Multipurpose Waterproof Maternity Shoulder Cum Hand Bag (5 Pieces, Green)","1,199",231,3.7 out of 5 stars, Age Range Description: Adult  ,B09B26VHXV,FINER ENTERPRISES
https://www.amazon.in/Choice-Laptop-backpack-multicolor-unisex/dp/B09QMNCWMN,Right Choice Laptop backpack multicolor unisex bag,599,4,4.6 out of 5 stars," Innovative Design: Utility of a Messenger Bag with Convenience of a Laptop Sleeve. The all new Informal is a versatile semi-formal laptop bag handcrafted to accommodate all your professional belongings. Material of Laptop Messenger Bag is Splash-proof Premium Plastic Canvas, YKK Zippers & Faux Leather Styling.  ",B09B7KC93T,Unisex
https://www.amazon.in/Motherly-Diaper-Mothers-Multipurpose-Maternity/dp/B09W5PYQPB,"Motherly Baby Diaper Bags for Mothers, Multipurpose Maternity Bag for Mom for Travel","3,074",66,5.0 out of 5 stars," Convenient, Comfortable and Elegant: 2 compartments for up to a 15.6” laptop or tablet, hard disk, file, notebook, cheque book and other documents. 2 external buttoned pockets for a mobile phone, charger or a power bank and other utilities. 1 quick-access vertical zipper in the front, comfortable shoulder strap and grab handles  ",Samsonite,Retail Studio
https://www.amazon.in/Eco-Friendly-Bag-Reusable-Shopping-Grocery-Multipurpose/dp/B09V5PVDTC,Asian Eco-Friendly Jute Hand Bag-Reusable Tiffin Shopping Grocery Multipurpose Hand Bag with Zip & Handle for Men and Women,"1,099",3,3.9 out of 5 stars, A much Safer Way to Carry Laptop: The bag is made of soft and environmentally friendly materials with reinforced edges and good padding of the main compartment offer well protection for your laptop.  ,GOLDSTAR,810 g
https://www.amazon.in/Storite-Laptop-Shoulder-Messenger-Bag/dp/B08WZ9KP7Q,"Storite PU Leather 15.6 Inch Laptop Shoulder Sling Office Business Messenger Travel Bag for Men & Women (39 x 30 x 9 cm, Coffee Brown)",.,692,3.8 out of 5 stars, COMPATIBLE for all the major brands of 15.6-Inch Laptops.  ,B09N3K2ZCP,Unisex-adult
https://www.amazon.in/FunBlast-Unicorn-Soft-Bag-Kids/dp/B09C8FGY2J,FunBlast Unicorn Soft Bag for Kids - School & Picnic Bag / Lightweight Travel School Mini Backpack for Girls & Kids (Random Color),499,52,4.0 out of 5 stars," Designed for most 15.6-Inch Laptops, and easy to use, practical design and exquisite workmanship.  ",POLESTAR,Unisex-adult
https://www.amazon.in/Crafts-My-Dream-Womens-CMD2904/dp/B0100BD0IW,Crafts My Dream Women's Sling Bag (Multicolored),"1,699",525,3.6 out of 5 stars, Made in India - with pride  ,B08R7RPVJF,"Safari Industries(India)Ltd.,302-303,A-Wing,The Qube CTS no-1498,A/2,MV road,Marol, Andheri(E), Mumbai-400059, Maharashtra. Phone Number +919819547085, Email Id : customercare@safari.in"
https://www.amazon.in/Diving-Deep-Backpack-Bag-Blue/dp/B088NB4YKB,Diving Deep Backpack for Women Stylish | Women Backpack Latest | School Bag for Girls (Blue),199,167,5.0 out of 5 stars, This Nivia backpacks have one main compartment is secured with drawstring rope closure  ,B07NPXWFXX,SaiTech IT Private Limited
https://www.amazon.in/Trajectory-15-6-Laptop-Office-Bag/dp/B09RK7L9ZW,Trajectory Vegan Leather 15.6 Inch Laptop Messenger Office Bag with 10 years warranty and dual compartment with expandable bottom in black used as shoulder and handbag For Men and Women,"1,695",4,5.0 out of 5 stars, This backpack is perfect for athletes and students on the go  ,B09VZC6C8W,"ADISA, careadisa@gmail.com"
https://www.amazon.in/Clownfish-Mundane-Leather-Crossbody-Messenger/dp/B09NLVH8KY,The Clownfish Mundane Series Vegan Leather Sling Crossbody Messenger Bag (Dark Brown),616,4,3.9 out of 5 stars, Material: Polyester  ,B09L545JYG,Unisex-adult
https://www.amazon.in/Gear-Alphamount-Trekking-Black-Yellow-RKSALPAMT0112/dp/B097KFYPCG,"Gear Alphamount 45 Travel & Trekking Rucksack (Black-Yellow), One Size (RKSALPAMT0112)",330,238,4.5 out of 5 stars, In-Box Contents: 1 String Bag  ,Protecta Inc,Gear Merchandise PVT LTD E/12 West Chowbaga Gulshan colony KoLkata-700100 Contact 9830403366
https://www.amazon.in/MOCA-Waterproof-Exterior-Velvety-Interior/dp/B09FJT1GSJ,"MOCA Waterproof Nylon Exterior with Soft Velvety Interior Sleeve Bag Pouch Carry Case for 15 15.4 15.6 inch Laptops (Airy Blue, 15.6 Inch)",399,52,4.2 out of 5 stars, Light weight stylish cross body Sling bag for 10 inch tablet/iPad  ,B09PDQ67MH,"Durant International. Address : GIDC Lodhika, Rajkot-360021, Gujarat. Customer Care : 9809804990, Durant International Plot no. G-2613/2 GIDC lodhika, metoda, Rajkot 360021. Customer Care +91 9809804990"
https://www.amazon.in/SAFARI-26-5-Laptop-Backpack-WANDERER19CBRED/dp/B07NSCCGBK,SAFARI 46 cms Red Laptop/Casual/School/College Backpack (WANDERER19CBRED),"1,099",29,3.9 out of 5 stars," Outer Fabric: Durable PU coated Polyester Fabric, inner abric: Strong PU coated polyester fabtic  ",B082QZRX7F,Unisex-adult
https://www.amazon.in/Storite-Laptop-Shoulder-Messenger-Bag/dp/B08WZ9KP7Q,"Storite PU Leather 15.6 Inch Laptop Shoulder Sling Office Business Messenger Travel Bag for Men & Women (39 x 30 x 9 cm, Coffee Brown)",749,30,4.0 out of 5 stars," One compartment with well cushioned iPad section, 2 front and back zipper pocket  ",Safari Industries (India) Ltd,Unisex-adult
https://www.amazon.in/Crafts-My-Dream-Womens-CMD2904/dp/B0100BD0IW,Crafts My Dream Women's Sling Bag (Multicolored),979,3,3.6 out of 5 stars," Dimension: 10.2x12.2.x2.2 (inches) [WxLxH], weight: 200 gms and capacity: 4 Litre  ",Uber Fashion Merchandise Pvt. Ltd.,"Airish Fashion, Airish Fashion murad nagar Hyderabad 500028"
https://www.amazon.in/Diving-Deep-Backpack-Bag-Blue/dp/B088NB4YKB,Diving Deep Backpack for Women Stylish | Women Backpack Latest | School Bag for Girls (Blue),"1,234",285,5.0 out of 5 stars, Long nylon strap for comfortable and stylish carrying  ,B08YF1XJXY,"Gear Merchandise PVT LTD, Gear Merchandise PVT LTD E/12 West Chowbaga Gulshan colony KoLkata-700100 Contact 9830403366"
https://www.amazon.in/Trajectory-15-6-Laptop-Office-Bag/dp/B09RK7L9ZW,Trajectory Vegan Leather 15.6 Inch Laptop Messenger Office Bag with 10 years warranty and dual compartment with expandable bottom in black used as shoulder and handbag For Men and Women,889,57,5.0 out of 5 stars," Outer Material: Polyester, Color: Black  ",B08TR8RMNH,"AFN FASHION, AFN FASHION MUMBA"
https://www.amazon.in/Clownfish-Mundane-Leather-Crossbody-Messenger/dp/B09NLVH8KY,The Clownfish Mundane Series Vegan Leather Sling Crossbody Messenger Bag (Dark Brown),"1,695","1,256",4.2 out of 5 stars, Water Resistance: Water resistant  ,B09B56T6HJ,1
https://www.amazon.in/Fast-Travel-partition-Collage-Backpack/dp/B0B1VXF8Z6,"Fast Travel 45 Ltrs, 46 cms School Bag Class 5-12 Large 4 partition Laptop Collage Office Travel Backpack Unisex",330,"1,668",4.1 out of 5 stars, Capacity: 20 ltrs; Weight: 0.35 kgs; Dimensions: 12.7 cms x 30.48 cms x 44.45 cms (LxWxH)  ,POLESTAR,Wildcraft
https://www.amazon.in/Nivia-String-5177NB-Polyester-Navy/dp/B071H3HLVV,NIVIA String Bag,399,1,3.9 out of 5 stars, Number of compartments: 3  ,ZYDEN-2,"Shaba Bags plot no. 35 to 40 agr nagar prem nagar phase 3, Shaba Bags plot no. 35 to 40 agr nagar prem nagar phase 3 9971098620"
https://www.amazon.in/Generic-Diaper-Backpack-Multi-Function-Maternity/dp/B0B1PZY3Y2,Generic Black Diaper Bag Backpack Multi-Function Baby Nappy Bag Baby Bags for Mom and Dad Maternity Diaper Bag,"1,099",1,4.1 out of 5 stars," Laptop Compatibility: Yes, Size: 14 inches  ",B07PKQ3WJZ,Luggage Tourister
https://www.amazon.in/Backpack-Toddler-Animal-Cartoon-Travel/dp/B08D5RCWV9,Blue Tree Cute Kids Backpack Toddler Bag Plush Animal Cartoon Mini Travel Bag for Baby Girl Boy 1-6 Years (Cow),749,104,3.5 out of 5 stars, Light Weight  ,B075MK4TXP,"POLESTAR, JAI AMBAY ENTERPRISES ,03AAFFJ0421M1ZQ, B -29 ,Sports & Surgical complex,Kapurthala Road, Jalandhar Punjab 140021 India . +91 9914112308 , polestarbags@gmail.com"
https://www.amazon.in/WildHorn-Vintage-Leather-Brown-Messenger/dp/B07GLJH9T3,WILDHORN Leather 11 inch Laptop Messenger Bag for Men I Dedicated Laptop and Mobile Compartment I Adjustable Strap I DIMENSION:L- 11 inch H-9.5 inch W- 3 inch,549,"1,097",4.0 out of 5 stars, Durable  ,B082PKX18C,"Safari, Safari, Safari Industries(India)Ltd.,302-303,A-Wing,The Qube CTS no-1498,A/2,MV road,Marol, Andheri(E), Mumbai-400059, Maharashtra."
https://www.amazon.in/Baggit-Womens-Sling-Atlantic-Blue/dp/B09QCTG6NV,Baggit Women's Sling bag (Atlantic Blue),161,106,4.1 out of 5 stars,Padded Shoulders,POLESTAR,Amazing Bags
https://www.amazon.in/Envias-Leatherette-Womens-Ladies-Green_EVS-122/dp/B08X67XD78,Envias Leatherette Side Sling Bags For Women's Ladies (Green_EVS-122),799,285,5.0 out of 5 stars,Warranty Type: Manufacturer; 5 years domestic warranty,POLESTAR,"AFN FASHION, AFN FASHION"
https://www.amazon.in/Northzone-Polyester-School-Backpack-Compartment/dp/B08679WRLW,Northzone Laptop Bag/College Bag/School Bag/Office Bag/Waterproof Bag/Travel Bag/Casual Backpack/Trending Backpack (Black1) 40L Backpack,261,"1,256",3.9 out of 5 stars," Made with High Quality fabric. Outer material: Nylon Twill - Soft, Durable and Water Resistant. Capacity: 18 liters, Weight: 405 g, Dimensions: 29.5 x 41.5 x 14.5 cm Warranty: 12 months  ",B09PVCF9F8,Other
https://www.amazon.in/Cosmus-Office-Laptop-Epilax-Messenger/dp/B09SHVKLFX,Cosmus Office Laptop Bag Epilax Laptop Messenger Bag,.,"1,668",4.2 out of 5 stars," Spacious compartment: To store plenty of items, from your books to clothes and what not! Laptop compartment: Ensure that your laptop is stored separately and Securely! One side pocket: For holding water bottle, clipping pens or pencil or storing other items. Easily accessible front pocket: To keep all your essentials such as wallet, ticket, cosmetics.  ",Gear Merchandise PVT LTD,Messenger Bag
https://www.amazon.in/Clownfish-Casual-Shoulder-Crossbody-College/dp/B09928JBPD,The Clownfish Linda Series Sling for Women Casual Ladies Single Shoulder Bag For Women Crossbody Bag for College Girls,"2,179",1,4.1 out of 5 stars," Padded and Ergonomic Shoulder Straps: There is padded back mesh and ergonomic straps that gives extra spine and shoulder support and helps in minimizing the load after carrying the bag through a busy day at campus.This women's backpack can be carried to work, college, school, for a day out or even while you are travelling!  ",India,"Atulitu Agency, ,251/3364, Tagore Nagar - 1, Vikhroli East, Mumbai - 400083 (9820078070)"
https://www.amazon.in/Fur-Jaden-resistant-Backpack-BM100_Brown/dp/B07P5X6NSN,Fur Jaden 15.6 Inch Laptop Backpack Bag with USB Charging Port,707,1,4.2 out of 5 stars," Light Weight yet Durable to resist the weight of textbooks, stationary, lunch boxes. Can store all your college or office stationary, without any hassle.  ",B095YB6VQ2,"Wesley, Longani Trading Company, F-82, Sector-1, Bawana Industrial Area, Delhi-110039. Ph-9560940507"
https://www.amazon.in/WildHorn-Vintage-Leather-Brown-Messenger/dp/B07GLJH9T3,WILDHORN Leather 11 inch Laptop Messenger Bag for Men I Dedicated Laptop and Mobile Compartment I Adjustable Strap I DIMENSION:L- 11 inch H-9.5 inch W- 3 inch,439,29,5.0 out of 5 stars," Stylish & Cute: This bag is designed for those Millennials and GenZ, who aren't afraid to compromise on Utility or Fashion! It is a perfect, small bag to carry all the daily essentials while using it as a trendy accessory, or a travel bag or as a college backpack.  ",B09H7PK5ML,31 x 22 x 45 Centimeters
https://www.amazon.in/Fast-Travel-partition-Backpack-camouflage/dp/B0B1VVZFS9,"Fast Travel 45 Ltrs, 46 cms School Bag Class 5-12 Large 4 partition Laptop Collage Office Travel Backpack Unisex",593,712,4.4 out of 5 stars, Union of Minimalism and Sturdy: The Lenovo Executive Red Backpack is designed for students and professionals who are looking for a durable backpack with eye-catching design and ample amount of storage. Stores and protects laptops up to 15.6-inches  ,Wildcraft,"Fur Jaden 3-C, Jai Hind Bld, Dr AM Road, Bhuleshwar, Mumbai 400002, 8080888028"
https://www.amazon.in/Cosmus-Office-Laptop-Epilax-Messenger/dp/B09SHVKLFX,Cosmus Office Laptop Bag Epilax Laptop Messenger Bag,"1,803",89,3.9 out of 5 stars," Sleek, sturdy and modern design: Sturdy ripstop material on front panel. Durable, water-resistant materials for any activity. Contrast color design for stylish professionals.  ",B09YH4W93G,"Gear Merchandise PVT LTD, Gear Merchandise PVT LTD E/12 West Chowbaga Gulshan colony KoLkata-700100 Contact 9830403366"
https://www.amazon.in/Lavie-Sport-Casual-Backpack-FLIP/dp/B083KRT9GT,"Lavie Sport Flip 34L Polyester Casual Backpack | Laptop Sleeve | School Bag, College Bag (Navy Blue)",999,155,3.8 out of 5 stars, Travel friendly and Uncompromising storage space for devices and essentials: Ventilated and well-padded back panel for extra breathability. Padded and adjustable shoulder straps. Stretchy high-density mesh side pocket for extra storage and organization. Luggage strap for easy travel use  ,B09NGY36DC,"ADISA, careadisa@gmail.com"
https://www.amazon.in/Hi-Guys-Waterproof-Backpack-College-Students/dp/B096MLPBKK,"Hi-Guys Men's and Women's 35 L Waterproof Casual Laptop Backpack with Rain Cover (Black, 18 Inch)",999,12,4.2 out of 5 stars," 1.100 % GENUINE LEATHER: If you love authentic real leather, timeless design, fashionable and durable bags, you'll surely love WILDHORN'S Premium Leather Bags.Crafted from 100% Genuine leather this bag is meticulously crafted into a adorable, durable & classic masterpiece by highly skilled professionals.Perfect for office, meeting, working, travelling and other occasions.  ",B0844J2C1N,"Safari Industries (India) Ltd, Safari Industries Ltd 301/302, A-Wing, The Qube, M.V.Road, Marol, Andheri(East), Near international Airport Mumbai- 400059 +91-22-40381851/838"
https://www.amazon.in/Trajectory-Premium-Messenger-Superior-Padding/dp/B07CBR1PDN,Trajectory Premium Vegan Leather 15.6 Inch Laptop Messenger Office Bag with 10 years warranty and dual compartment with expandable bottom,"2,179","1,282",4.4 out of 5 stars, 2.FUNCTIONAL & STYLISH: Functional design makes it spacious enough to carry all your daily essentials. This bag acts as the perfect accessory to complete your look and make you stand out at anaffordable price. DIMENSION: L-15 inch W-3 inch H-12 inch  ,B08YF9VHTY,"Akshaya Rubbers, Hebbal Industrial Area, Mysore, 7022982998"
https://www.amazon.in/WILDCRAFT-Maestro-Plus-Black-Coated/dp/B07GNGG435,WILDCRAFT Maestro Plus Black Coated,549,"2,839",4.2 out of 5 stars," 3.ART OF CRAFTSMANSHIP:Designed by highly trained designers with latest trend analysis. This bag reflects a perfect balance between utility,design and convenience.The most distinguishing feature of this leather is that the leather may have wrinkles,scratches,shade,grain and natural markings that are enherent characteristics and reflect the natural beauty of the hide.  ",CT1-Navy Blue,Unisex-adult
https://www.amazon.in/Number-Backpack-Compartment-Charging-Organizer/dp/B09VTDMRY7,"Fur Jaden Anti Theft Number Lock Backpack Bag with 15.6 Inch Laptop Compartment, USB Charging Port & Organizer Pocket for Men Women Boys Girls","1,803",3,4.1 out of 5 stars," 4.PERFECT COMPANION : This bag is preferable for all age groups and can be carried on all occasions. A Perfect companion whether it be a Student,Workaholic/Shopaholic or Traveller,this bag serves all purpose-need. This perfect bag is designed for all-day comfort and can be a perfect present for Men. Father's day, Anniversary,Graduation Day,Friendship Day or birthday, this elegant bag is a great gift idea for Men.  ",B09VCLZ3K4,"Safari Industries (India) Ltd, Safari Industries Ltd 301/302, A-Wing, The Qube, M.V.Road, Marol, Andheri(East), Near international Airport Mumbai- 400059 +91-22-40381851/838"
https://www.amazon.in/COSMUS-Multipurpose-Backpack-Bag-compartment/dp/B078JXC2L4,Multipurpose Backpack Bag - Cosmus Madison 33L waterproof Bag With laptop compartment,769,65,4.1 out of 5 stars," 5.CUSTOMER FIRST POLICY : We attach great importance to product quality and customer satisfaction.If you're not satisfied ,please do not hesitate to contact us.Brand offers 30 day return or replacement policy in case of any Manufacturing Defects.Physical Damages to the bag may lead to warranty void.  ",B081X69ZL7,wooum
https://www.amazon.in/HEROZ-Backpack-Resistant-Notebook-Airforce/dp/B07MCRHSVP,HEROZ Harbour Unisex Nylon 28 L Travel Laptop Backpack Water Resistant Slim Durable Fits Up to 17.3 Inch Laptop Notebook (153-ALL) (Air Force Blue),449,"1,547",3.4 out of 5 stars, Style meets functionality with this well crafted sling along with attractive gold hardware giving it a classy vintage look  ,Wildcraft,"ADISA, careadisa@gmail.com"
https://www.amazon.in/BennettTM-Mystic-Shoulder-Messenger-Repellent/dp/B09321GJXZ,"Bennett™ Mystic 15.6 inch Laptop Shoulder Messenger Sling Office Bag, Water Repellent Fabric for Men and Women (Grey)",999,155,4.4 out of 5 stars," The inner magnetic closure compartments, and zipper pockets converts the bag into your efficiency partner for your A-game  ",DK01CSP-HYP,Amazing Bags
https://www.amazon.in/HEART-CHOICE-Waterproof-Backpack-College/dp/B097TTQS2L,HEART CHOICE Casual Waterproof Laptop Backpack/ Office Bag/ School Bag/ College Bag For Men & Women (Grey Black),"2,379",29,4.0 out of 5 stars, Club it with your evening dress or sling it along for that satisfying shopping spree  ,B07XVK6BWC,200 g
https://www.amazon.in/Killer-Office-Laptop-Bag-Messenger/dp/B07FYC4T1T,Killer Men's Office Laptop Messenger Bag Epilax (Blue),749,3,3.5 out of 5 stars, Made in India  ,B098QFF5TJ,"Fur Jaden, 3-C, Jai Hind Bld, Dr AM Road, Bhuleshwar, Mumbai 400002, 8080888028"
https://www.amazon.in/PAZZO-Alto-40L-Casual-Backpack/dp/B07VT3F795,"PAZZO Alto 40L Casual Backpack - 3 Compartment Travel Backpack, College|School Bag with 1 Year Warranty","1,375",15,3.8 out of 5 stars, Strap type: Shoulder  ,PS_NOBLE,400 g
